{"Packages":[{"Package":{"Id":"UiPath.UIAutomation.Activities","Version":"18.4.5"},"Assemblies":["C:\\Users\\Robert Baptist\\.nuget\\packages\\avalonedit/5.0.3\\lib/Net40/ICSharpCode.AvalonEdit.dll","C:\\Users\\Robert Baptist\\.nuget\\packages\\caliburn.micro/3.0.1\\lib/net45/Caliburn.Micro.Platform.Core.dll","C:\\Users\\Robert Baptist\\.nuget\\packages\\caliburn.micro/3.0.1\\lib/net45/Caliburn.Micro.Platform.dll","C:\\Users\\Robert Baptist\\.nuget\\packages\\caliburn.micro/3.0.1\\lib/net45/System.Windows.Interactivity.dll","C:\\Users\\Robert Baptist\\.nuget\\packages\\caliburn.micro.core/3.0.1\\lib/net45/Caliburn.Micro.dll","C:\\Users\\Robert Baptist\\.nuget\\packages\\extended.wpf.toolkit/2.8.0\\lib/net40/Xceed.Wpf.AvalonDock.Themes.Aero.dll","C:\\Users\\Robert Baptist\\.nuget\\packages\\extended.wpf.toolkit/2.8.0\\lib/net40/Xceed.Wpf.AvalonDock.Themes.Metro.dll","C:\\Users\\Robert Baptist\\.nuget\\packages\\extended.wpf.toolkit/2.8.0\\lib/net40/Xceed.Wpf.AvalonDock.Themes.VS2010.dll","C:\\Users\\Robert Baptist\\.nuget\\packages\\extended.wpf.toolkit/2.8.0\\lib/net40/Xceed.Wpf.AvalonDock.dll","C:\\Users\\Robert Baptist\\.nuget\\packages\\extended.wpf.toolkit/2.8.0\\lib/net40/Xceed.Wpf.DataGrid.dll","C:\\Users\\Robert Baptist\\.nuget\\packages\\extended.wpf.toolkit/2.8.0\\lib/net40/Xceed.Wpf.Toolkit.dll","C:\\Users\\Robert Baptist\\.nuget\\packages\\humanizer.core/2.4.2\\lib/netstandard2.0/Humanizer.dll","C:\\Users\\Robert Baptist\\.nuget\\packages\\uipath/10.0.7020.22745\\lib/UiPath.Interop.dll","C:\\Users\\Robert Baptist\\.nuget\\packages\\uipath.uiautomation.activities/18.4.5\\lib/net461/ActiproSoftware.Docking.Wpf.dll","C:\\Users\\Robert Baptist\\.nuget\\packages\\uipath.uiautomation.activities/18.4.5\\lib/net461/ActiproSoftware.Editors.Wpf.dll","C:\\Users\\Robert Baptist\\.nuget\\packages\\uipath.uiautomation.activities/18.4.5\\lib/net461/ActiproSoftware.Ribbon.Wpf.dll","C:\\Users\\Robert Baptist\\.nuget\\packages\\uipath.uiautomation.activities/18.4.5\\lib/net461/ActiproSoftware.Shared.Wpf.dll","C:\\Users\\Robert Baptist\\.nuget\\packages\\uipath.uiautomation.activities/18.4.5\\lib/net461/ActiproSoftware.SyntaxEditor.Addons.DotNet.Wpf.dll","C:\\Users\\Robert Baptist\\.nuget\\packages\\uipath.uiautomation.activities/18.4.5\\lib/net461/ActiproSoftware.SyntaxEditor.Wpf.dll","C:\\Users\\Robert Baptist\\.nuget\\packages\\uipath.uiautomation.activities/18.4.5\\lib/net461/ActiproSoftware.Text.Addons.DotNet.Wpf.dll","C:\\Users\\Robert Baptist\\.nuget\\packages\\uipath.uiautomation.activities/18.4.5\\lib/net461/ActiproSoftware.Text.LLParser.Wpf.dll","C:\\Users\\Robert Baptist\\.nuget\\packages\\uipath.uiautomation.activities/18.4.5\\lib/net461/ActiproSoftware.Text.Wpf.dll","C:\\Users\\Robert Baptist\\.nuget\\packages\\uipath.uiautomation.activities/18.4.5\\lib/net461/ActiproSoftware.Wizard.Wpf.dll","C:\\Users\\Robert Baptist\\.nuget\\packages\\uipath.uiautomation.activities/18.4.5\\lib/net461/UiPath.UIAutomation.Activities.Design.dll","C:\\Users\\Robert Baptist\\.nuget\\packages\\uipath.uiautomation.activities/18.4.5\\lib/net461/UiPath.UiAutomation.Activities.dll","C:\\Users\\Robert Baptist\\.nuget\\packages\\uipath.uiautomation.activities/18.4.5\\lib/net461/UiPath.Wizards.dll","C:\\Users\\Robert Baptist\\.nuget\\packages\\uipath.vision/1.2.0\\lib/net452/UiPath.NeuralNet.dll","C:\\Users\\Robert Baptist\\.nuget\\packages\\uipath.vision/1.2.0\\lib/net452/UiPath.Vision.Core.dll","C:\\Users\\Robert Baptist\\.nuget\\packages\\uipath.vision/1.2.0\\lib/net452/UiPath.Vision.Package.dll","C:\\Users\\Robert Baptist\\.nuget\\packages\\uipath.vision/1.2.0\\lib/net452/UiPath.Vision.dll"]},{"Package":{"Id":"UiPath.System.Activities","Version":"18.4.2"},"Assemblies":["C:\\Users\\Robert Baptist\\.nuget\\packages\\csvhelper/2.13.5\\lib/net40-client/CsvHelper.dll","C:\\Users\\Robert Baptist\\.nuget\\packages\\microsoft.rest.clientruntime/2.3.10\\lib/net452/Microsoft.Rest.ClientRuntime.dll","C:\\Users\\Robert Baptist\\.nuget\\packages\\newtonsoft.json/10.0.3\\lib/net45/Newtonsoft.Json.dll","C:\\Users\\Robert Baptist\\.nuget\\packages\\uipath.system.activities/18.4.2\\lib/net461/ActiproSoftware.Docking.Wpf.dll","C:\\Users\\Robert Baptist\\.nuget\\packages\\uipath.system.activities/18.4.2\\lib/net461/ActiproSoftware.Ribbon.Wpf.dll","C:\\Users\\Robert Baptist\\.nuget\\packages\\uipath.system.activities/18.4.2\\lib/net461/ActiproSoftware.Shared.Wpf.dll","C:\\Users\\Robert Baptist\\.nuget\\packages\\uipath.system.activities/18.4.2\\lib/net461/ActiproSoftware.SyntaxEditor.Addons.DotNet.Wpf.dll","C:\\Users\\Robert Baptist\\.nuget\\packages\\uipath.system.activities/18.4.2\\lib/net461/ActiproSoftware.SyntaxEditor.Wpf.dll","C:\\Users\\Robert Baptist\\.nuget\\packages\\uipath.system.activities/18.4.2\\lib/net461/ActiproSoftware.Text.Addons.DotNet.Wpf.dll","C:\\Users\\Robert Baptist\\.nuget\\packages\\uipath.system.activities/18.4.2\\lib/net461/ActiproSoftware.Text.LLParser.Wpf.dll","C:\\Users\\Robert Baptist\\.nuget\\packages\\uipath.system.activities/18.4.2\\lib/net461/ActiproSoftware.Text.Wpf.dll","C:\\Users\\Robert Baptist\\.nuget\\packages\\uipath.system.activities/18.4.2\\lib/net461/ActiproSoftware.Wizard.Wpf.dll","C:\\Users\\Robert Baptist\\.nuget\\packages\\uipath.system.activities/18.4.2\\lib/net461/UiPath.OrchestratorClient.dll","C:\\Users\\Robert Baptist\\.nuget\\packages\\uipath.system.activities/18.4.2\\lib/net461/UiPath.System.Activities.Design.dll","C:\\Users\\Robert Baptist\\.nuget\\packages\\uipath.system.activities/18.4.2\\lib/net461/UiPath.System.Activities.dll"]}],"Conflicts":[]}